participant_id,domain,word_order,word,IRT,devnagri_word
10147,body-parts,1,आँख,12294.5,आँख
10147,body-parts,2,कान,8276.5,कान
10147,body-parts,3,हाथ,7595.4,हाथ
10147,body-parts,4,पैर,10199.0,पैर
10147,body-parts,5,नाक,8616.7,नाक
10147,body-parts,6,जीभ,7501.4,जीभ
10147,foods,1,रोटी,9826.3,रोटी
10147,foods,2,चावल,7055.2,चावल
10147,foods,3,दाल,7786.9,दाल
10147,foods,4,खिचड़ी,6668.3,खिचड़ी
10147,foods,5,पराठा,7066.3,पराठा
10147,foods,6,फल,6736.5,फल
10147,foods,7,आलू,7296.7,आलू
10147,animals,1,शेर,42634.4,शेर
10147,animals,2,तेंदुआ,4899.5,तेंदुआ
10147,animals,3,हाथी,4557.4,हाथी
10147,animals,4,कुत्ता,5538.9,कुत्ता
13498,body-parts,1,हाथ,15018.2,हाथ
13498,body-parts,2,होंठ,1012.8,होंठ
13498,body-parts,3,आँखें,8587.1,आँखें
13498,body-parts,4,कान,10503.6,कान
13498,body-parts,5,गरदन,11878.4,गरदन
13498,body-parts,6,पेट,10767.5,पेट
13498,animals,1,शेर,7784.5,शेर
13498,animals,2,हाथी,8278.8,हाथी
13498,animals,3,बंदर,9522.1,बंदर
13498,animals,4,गधा,6659.4,गधा
13498,animals,5,ऊंट,8045.6,ऊंट
13498,animals,6,कुत्ता,7688.9,कुत्ता
13498,animals,7,घोड़ा,9204.4,घोड़ा
13498,foods,1,दूध,9307.7,दूध
13498,foods,2,दही,7845.2,दही
13498,foods,3,मक्खन,9362.5,मक्खन
13498,foods,4,अनाज,7141.8,अनाज
13498,foods,5,गेहूँ,7225.3,गेहूँ
13498,foods,6,चावल,6539.6,चावल
13498,foods,7,सेब,8463.9,सेब
13549,animals,1,शेर,15696.0,शेर
13549,animals,2,बाघ,5684.0,बाघ
13549,animals,3,हाथी,5532.0,हाथी
13549,animals,4,घोड़ा,4451.0,घोड़ा
13549,animals,5,बकरी,4527.0,बकरी
13549,animals,6,भेड़,4050.0,भेड़
13549,animals,7,ऊँट,4066.0,ऊँट
13549,animals,8,कुत्ता,4036.0,कुत्ता
13549,animals,9,बिल्ली,3907.0,बिल्ली
13549,animals,10,खरगोश,3984.0,खरगोश
13549,foods,1,चावल,14209.0,चावल
13549,foods,2,गेहूँ,5212.0,गेहूँ
13549,foods,3,आलू,4675.0,आलू
13549,foods,4,टमाटर,4139.0,टमाटर
13549,foods,5,सेब,5544.0,सेब
13549,foods,6,केला,5679.0,केला
13549,foods,7,जलेबी,6958.0,जलेबी
13549,foods,8,रसगुल्ला,5353.0,रसगुल्ला
13549,body-parts,1,सिर,15730.0,सिर
13549,body-parts,2,माथा,4453.0,माथा
13549,body-parts,3,आँख,6417.0,आँख
13549,body-parts,4,हाथ,8157.0,हाथ
13549,body-parts,5,पैर,5103.0,पैर
13549,body-parts,6,दिल,5723.0,दिल
13549,body-parts,7,फेफड़ा,4370.0,फेफड़ा
13549,body-parts,8,छाती,5403.0,छाती
20970,animals,1,kutta,8425.1,कुत्ता
20970,animals,2,billi,2369.5,बिल्ली
20970,animals,3,chuha,2911.0,चूहा
20970,animals,4,sher,1936.2,शेर
20970,animals,5,ghoda,12715.4,घोड़ा
20970,animals,6,gadha,6017.1,गधा
20970,animals,7,murga,5934.0,मुर्गा
20970,animals,8,bakra,3099.8,बकरा
20970,animals,9,bhalu,10949.9,भालू
20970,animals,10,hathi,5389.9,हाथी
20970,foods,1,roti,11590.3,रोटी
20970,foods,2,aalu,4350.3,आलू
20970,foods,3,baigan,2502.0,बैंगन
20970,foods,4,chawal,4638.5,चावल
20970,foods,5,chicken,5461.0,चिकन
20970,foods,6,machli,2848.7,मछली
20970,foods,7,mutton,2584.2,मटन
20970,foods,8,bhindi,4720.4,भिंडी
20970,foods,9,dawaaiya,16196.3,दवाइयां
20970,body-parts,1,hath,3488.7,हाथ
20970,body-parts,2,pair,1452.2,पैर
20970,body-parts,3,khopdi,7682.5,खोपड़ी
20970,body-parts,4,pait,7170.3,पेट
20970,body-parts,5,fefde,3804.1,फेफड़े
20970,body-parts,6,gurde,2675.7,गुर्दे
20970,body-parts,7,dimag,5287.5,दिमाग
20970,body-parts,8,hridai,4949.2,हृदय
20970,body-parts,9,baal,2780.4,बाल
20970,body-parts,10,maanspeshiya,7053.3,मांसपेशियां
20970,body-parts,11,khoon,4329.9,खून
20970,body-parts,12,hadiyan,5914.9,हड्डियां
23853,animals,1,शेर,24407.0,शेर
23853,animals,2,बाघ,4748.0,बाघ
23853,animals,3,चीता,4622.0,चीता
23853,animals,4,तेंदुआ,5972.0,तेंदुआ
23853,animals,5,हाथी,5308.0,हाथी
23853,animals,6,घोड़ा,4216.0,घोड़ा
23853,animals,7,गधा,4834.0,गधा
23853,body-parts,1,सिर,23931.0,सिर
23853,body-parts,2,आँख,5171.0,आँख
23853,body-parts,3,कान,4640.0,कान
23853,body-parts,4,हाथ,6441.0,हाथ
23853,body-parts,5,पैर,4116.0,पैर
23853,body-parts,6,घुटना,6130.0,घुटना
23853,body-parts,7,उँगली,5994.0,उँगली
23853,foods,1,चावल,16139.0,चावल
23853,foods,2,रोटी,5909.0,रोटी
23853,foods,3,दाल,4915.0,दाल
23853,foods,4,सब्ज़ी,5247.0,सब्ज़ी
23853,foods,5,फल,3714.0,फल
23853,foods,6,दूध,4459.0,दूध
23853,foods,7,अंडा,5198.0,अंडा
23853,foods,8,पनीर,3992.0,पनीर
23853,foods,9,दही,4296.0,दही
23853,foods,10,मिठाई,4360.0,मिठाई
31417,foods,1,चावल,26846.2,चावल
31417,foods,2,दाल,4764.1,दाल
31417,foods,3,आम,3165.1,आम
31417,foods,4,प्याज,4238.5,प्याज
31417,foods,5,पानी,4969.5,पानी
31417,foods,6,दही,5126.8,दही
31417,foods,7,केला,8155.1,केला
31417,animals,1,गाय,13393.6,गाय
31417,animals,2,बकरी,10948.3,बकरी
31417,animals,3,शेर,4401.4,शेर
31417,animals,4,हाथी,3931.4,हाथी
31417,animals,5,कुत्ता,4207.6,कुत्ता
31417,animals,6,बिल्ली,3598.5,बिल्ली
31417,animals,7,भैंस,9948.5,भैंस
31417,animals,8,खरगोश,8897.4,खरगोश
31417,body-parts,1,आँख,9700.0,आँख
31417,body-parts,2,नाक,4431.4,नाक
31417,body-parts,3,कान,2228.8,कान
31417,body-parts,4,मुंह,4502.7,मुंह
31417,body-parts,5,हाथ,3217.6,हाथ
31417,body-parts,6,पैर,2093.1,पैर
31417,body-parts,7,घुटना,10508.5,घुटना
31417,body-parts,8,पेट,4724.7,पेट
31417,body-parts,9,दिमाग,16376.8,दिमाग
3342,animals,1,कुत्ता,8739.3,कुत्ता
3342,animals,2,मछली,8200.9,मछली
3342,animals,3,कछुआ,8485.6,कछुआ
3342,animals,4,शेर,7849.3,शेर
3342,animals,5,साँप,7855.8,साँप
3342,animals,6,डायनासोर,10374.9,डायनासोर
3342,animals,7,बंदर,8158.9,बंदर
3342,body-parts,1,उंगली,7831.3,उंगली
3342,body-parts,2,आंख,6840.0,आंख
3342,body-parts,3,नाक,7607.3,नाक
3342,body-parts,4,कान,6866.6,कान
3342,body-parts,5,पाँव,6797.3,पाँव
3342,body-parts,6,जांघ,8339.3,जांघ
3342,body-parts,7,बाल,6893.4,बाल
3342,foods,1,चाय,7671.7,चाय
3342,foods,2,कॉफ़ी,8041.7,कॉफ़ी
3342,foods,3,नींबू,7854.4,नींबू
3342,foods,4,दूध,8296.0,दूध
3342,foods,5,चुकंदर,8281.8,चुकंदर
3342,foods,6,दाल,9282.9,दाल
3342,foods,7,चावल,6436.7,चावल
35389,animals,1,saap,13608.8,सांप
35389,animals,2,sher,2768.4,शेर
35389,animals,3,bhalu,7567.4,भालू
35389,animals,4,hathi,4066.8,हाथी
35389,animals,5,ghoda,7064.3,घोड़ा
35389,animals,6,bakri,9255.3,बकरी
35389,animals,7,gaay,2701.3,गाय
35389,animals,8,kutta,3269.2,कुत्ता
35389,animals,9,suar,2731.2,सुअर
35389,animals,10,bagh,5893.9,बाघ
35389,foods,1,roti,30978.1,रोटी
35389,foods,2,chawal,1402.5,चावल
35389,foods,3,dal,1425.6,दाल
35389,foods,4,sabzi,1486.8,सब्ज़ी
35389,foods,5,paratha,2743.1,पराठा
35389,foods,6,samaso,1934.9,समोसा
35389,foods,7,kachori,3158.8,कचौड़ी
35389,foods,8,idli,4814.9,इडली
35389,foods,9,rasam,7267.8,रसम
35389,foods,10,halwa,3015.3,हलवा
35389,body-parts,1,aankh,10272.7,आंख
35389,body-parts,2,naak,2504.7,नाक
35389,body-parts,3,muh,2880.2,मुंह
35389,body-parts,4,daat,3504.1,दांत
35389,body-parts,5,jeeb,2039.6,जीभ
35389,body-parts,6,gala,3277.8,गला
35389,body-parts,7,sar,6173.9,सर
35389,body-parts,8,pair,3531.8,पैर
35389,body-parts,9,dil,4520.6,दिल
35389,body-parts,10,kohni,13666.4,कोहनी
35389,body-parts,11,dimag,1777.1,दिमाग
35389,body-parts,12,pet,2618.9,पेट
42616,body-parts,1,आंख,26780.1,आंख
42616,body-parts,2,कान,8616.1,कान
42616,body-parts,3,नाक,8559.1,नाक
42616,body-parts,4,मुंह,8587.6,मुंह
42616,foods,1,दाल,22294.4,दाल
42616,foods,2,चावल,7447.7,चावल
42616,foods,3,रोटी,6943.6,रोटी
42616,foods,4,दूध,7280.1,दूध
42616,foods,5,दही,8087.7,दही
42616,foods,6,मक्खन,7872.6,मक्खन
42616,animals,1,गाय,19461.0,गाय
42616,animals,2,भैंस,7745.2,भैंस
42616,animals,3,बैल,7655.9,बैल
42616,animals,4,बकरी,7831.5,बकरी
42616,animals,5,घोड़ा,8554.0,घोड़ा
42616,animals,6,गधा,7678.8,गधा
43909,foods,1,fal,8979.0,फल
43909,foods,2,roti,8709.3,रोटी
43909,foods,3,chaval,1748.2,चावल
43909,foods,4,dhudh,5800.4,दूध
43909,foods,5,swadisht,5789.2,स्वादिष्ट
43909,foods,6,meetha,6689.4,मीठा
43909,foods,7,teekha,1812.0,तीखा
43909,foods,8,chatpata,3799.5,चटपटा
43909,foods,9,bhukh,2536.3,भूख
43909,body-parts,1,hath,4059.5,हाथ
43909,body-parts,2,pair,1133.3,पैर
43909,body-parts,3,chamdi,9670.9,चमड़ी
43909,body-parts,4,aakhn,4938.5,आंख
43909,body-parts,5,nakh,1102.0,नख
43909,body-parts,6,kaan,1124.2,कान
43909,body-parts,7,mu,3930.3,मुंह
43909,body-parts,8,baal,2137.5,बाल
43909,animals,1,kutta,5951.3,कुत्ता
43909,animals,2,billi,1458.5,बिल्ली
43909,animals,3,haathi,1837.6,हाथी
43909,animals,4,sher,1096.9,शेर
43909,animals,5,bandar,1957.5,बंदर
43909,animals,6,mor,4778.0,मोर
43909,animals,7,bhediya,6431.0,भेड़िया
43909,animals,8,saap,6953.6,सांप
43909,animals,9,murgi,8875.1,मुर्गी
43909,animals,10,batak,1142.8,बतख
43909,animals,11,chuha,1474.1,चूहा
43909,animals,12,gaai,8213.4,गाय
5157,animals,1,billi',8745.5,
5157,animals,2,lomdi,1998.4,लोमड़ी
5157,animals,3,khargosh,2480.4,खरगोश
5157,animals,4,kutta,2869.5,कुत्ता
5157,animals,5,cheenti,6261.1,चींटी
5157,animals,6,cheetah,2239.4,चीता
5157,animals,7,bhaalu,4350.0,भालू
5157,animals,8,simh,9749.9,सिंह
5157,animals,9,sher,6200.7,शेर
5157,animals,10,haathi,11020.0,हाथी
5157,foods,1,chawal,14478.8,चावल
5157,foods,2,sambar,3269.9,सांभर
5157,foods,3,idli,4900.6,इडली
5157,foods,4,gehun,5101.2,गेहूं
5157,foods,5,sabzi,5919.3,सब्ज़ी
5157,foods,6,doodh,24119.0,दूध
5157,body-parts,1,sir,4304.2,सिर
5157,body-parts,2,haath,2350.4,हाथ
5157,body-parts,3,pair,1139.2,पैर
5157,body-parts,4,gala,4539.9,गला
5157,body-parts,5,chaati,2992.2,छाती
5157,body-parts,6,dil,8457.9,दिल
5157,body-parts,7,naak,6149.6,नाक
5157,body-parts,8,gaal,6141.1,गाल
5157,body-parts,9,aankh,3839.7,आंख
5157,body-parts,10,maatha,3750.3,माथा
5157,body-parts,11,ungli,4569.6,उंगली
5157,body-parts,12,baahu,6150.1,बाहु
53105,body-parts,1,कान,10526.2,कान
53105,body-parts,2,आँख,7766.1,आँख
53105,body-parts,3,नाक,6679.3,नाक
53105,body-parts,4,हाथ,6062.1,हाथ
53105,body-parts,5,मूह,12374.1,मूह
53105,body-parts,6,पैर,10623.8,पैर
53105,foods,1,दाल,6866.6,दाल
53105,foods,2,चावल,6508.8,चावल
53105,foods,3,रोटी,7965.0,रोटी
53105,foods,4,फल,7492.9,फल
53105,foods,5,सब्जी,8415.1,सब्जी
53105,foods,6,पापड़,16184.6,पापड़
53105,animals,1,गाय,6785.4,गाय
53105,animals,2,भैंस,7446.4,भैंस
53105,animals,3,कुत्ता,5621.8,कुत्ता
53105,animals,4,बिल्ली,5570.1,बिल्ली
53105,animals,5,घोडा,9340.7,घोडा
53105,animals,6,शेर,5432.3,शेर
53105,animals,7,बाघ,5395.1,बाघ
53105,animals,8,हाथी,5478.7,हाथी
53105,animals,9,भालू,8154.9,भालू
53307,animals,1,kutta,6722.4,कुत्ता
53307,animals,2,billi,1599.9,बिल्ली
53307,animals,3,sher,2033.1,शेर
53307,animals,4,tiger,3775.1,टाइगर
53307,animals,5,lomdi,4343.5,लोमड़ी
53307,animals,6,hathi,4152.8,हाथी
53307,animals,7,gadha,5807.9,गधा
53307,animals,8,gayan,13160.1,गायन
53307,animals,9,bail,15062.7,बैल
53307,foods,1,roti,16785.0,रोटी
53307,foods,2,sabzi,1768.3,सब्ज़ी
53307,foods,3,maggi,7367.7,मैगी
53307,foods,4,kaddu,19128.2,कद्दू
53307,foods,5,bhindi,2632.2,भिंडी
53307,foods,6,dahi,3239.7,दही
53307,foods,7,chaval,4752.5,चावल
53307,foods,8,dal,2207.5,दाल
53307,body-parts,1,naak,4712.2,नाक
53307,body-parts,2,kaan,2015.7,कान
53307,body-parts,3,aankh,3312.6,आंख
53307,body-parts,4,hath,1663.4,हाथ
53307,body-parts,5,pair,4912.4,पैर
53307,body-parts,6,pet,2216.3,पेट
53307,body-parts,7,baal,3807.8,बाल
53307,body-parts,8,peeth,6543.5,पीठ
53307,body-parts,9,ungli,6800.0,उंगली
53307,body-parts,10,jeebh,9079.4,जीभ
53307,body-parts,11,taang,12192.9,टांग
61476,colours,1,hara,10062.8,हरा
61476,colours,2,neela,1362.6,नीला
61476,colours,3,peela,1858.8,पीला
61476,colours,4,lal,920.6,लाल
61476,colours,5,gulabi,2555.5,गुलाबी
61476,colours,6,safed,1424.5,सफेद
61476,colours,7,kaala,2187.3,काला
61476,colours,8,santara,2470.3,संतरा
61476,colours,9,peela,12358.7,पीला
61476,colours,10,hara,6340.9,हरा
61476,animals,1,kutta,5230.0,कुत्ता
61476,animals,2,billi,1603.7,बिल्ली
61476,animals,3,bhais,1523.0,भैंस
61476,animals,4,machli,3550.4,मछली
61476,animals,5,bhallu,1821.5,भालू
61476,animals,6,sher,1062.9,शेर
61476,animals,7,cheeta,3300.8,चीता
61476,animals,8,chuha,18758.4,चूहा
61476,animals,9,bail,8667.5,बैल
61476,foods,1,roti,7159.8,रोटी
61476,foods,2,dal,1058.8,दाल
61476,foods,3,chawal,2151.7,चावल
61476,foods,4,aloo,6857.0,आलू
61476,foods,5,gajar,1615.5,गाजर
61476,foods,6,matar,978.7,मटर
61476,foods,7,tamatar,1496.3,टमाटर
61476,foods,8,pyaaz,1789.1,प्याज़
61476,foods,9,mirchi,2199.9,मिर्ची
61476,foods,10,murga,3623.9,मुर्गा
61476,foods,11,gobi,10649.7,गोभी
61476,foods,12,baingan,5443.0,बैंगन
61476,foods,13,santara,10852.3,संतरा
61476,foods,14,mausambi,2315.0,मौसंबी
61476,foods,15,seb,1797.2,सेब
62335,foods,1,खाना,10039.0,खाना
62335,foods,2,रोटी,10944.3,रोटी
62335,foods,3,चाय,7046.2,चाय
62335,foods,4,डोसा,10794.8,डोसा
62335,foods,5,मिठाई,12467.2,मिठाई
62335,foods,6,चावल,974.0,चावल
62335,foods,7,दाल,7164.6,दाल
62335,animals,1,बिल्ली,6920.3,बिल्ली
62335,animals,2,कुत्ता,6397.8,कुत्ता
62335,animals,3,चिड़िया,6049.8,चिड़िया
62335,animals,4,गाय,5921.5,गाय
62335,animals,5,भैंस,9256.5,भैंस
62335,animals,6,शेर,6712.9,शेर
62335,animals,7,चीता,6651.8,चीता
62335,animals,8,चीता,6643.3,चीता
62335,body-parts,1,कान,6557.6,कान
62335,body-parts,2,नाक,5929.4,नाक
62335,body-parts,3,चेहरा,7281.6,चेहरा
62335,body-parts,4,आंख,5892.6,आंख
62335,body-parts,5,मुँह,7376.2,मुँह
62335,body-parts,6,हाथ,9779.4,हाथ
62335,body-parts,7,टांग,7152.6,टांग
62335,body-parts,8,उँगलिया,7182.8,उँगलिया
68981,body-parts,1,सिर,23707.0,सिर
68981,body-parts,2,सिर,3934.0,सिर
68981,body-parts,3,कान,5585.3,कान
68981,body-parts,4,नाक,4000.0,नाक
68981,body-parts,5,मुँह,3487.9,मुँह
68981,body-parts,6,हाथ,3903.0,हाथ
68981,body-parts,7,उंगली,4864.2,उंगली
68981,body-parts,8,दिल,3793.9,दिल
68981,body-parts,9,बाल,3773.7,बाल
68981,animals,1,कुत्ता,15240.1,कुत्ता
68981,animals,2,बिल्ली,4001.4,बिल्ली
68981,animals,3,शेर,3725.1,शेर
68981,animals,4,बाघ,4815.6,बाघ
68981,animals,5,हाथी,4897.0,हाथी
68981,animals,6,घोड़ा,4320.0,घोड़ा
68981,animals,7,बंदर,3631.9,बंदर
68981,animals,8,बकरी,4243.2,बकरी
68981,animals,9,भेड़,4621.3,भेड़
68981,animals,10,खरगोश,4244.5,खरगोश
68981,animals,11,भालू,4171.0,भालू
68981,foods,1,चावल,15123.6,चावल
68981,foods,2,रोटी,6066.4,रोटी
68981,foods,3,दूध,4874.1,दूध
68981,foods,4,केला,4678.3,केला
68981,foods,5,आम,4554.5,आम
68981,foods,6,अंडा,3951.3,अंडा
68981,foods,7,मछली,9512.0,मछली
71977,foods,1,आम,35676.8,आम
71977,foods,2,चावल,11553.3,चावल
71977,foods,3,प्रजातियाँ,11206.0,प्रजातियाँ
71977,animals,1,शेर,14181.0,शेर
71977,animals,2,चीता,11425.2,चीता
71977,animals,3,बिल्ली,9911.1,बिल्ली
71977,animals,4,कुत्ता,11777.7,कुत्ता
71977,body-parts,1,टांग,23665.3,टांग
71977,body-parts,2,हाथ,11178.7,हाथ
71977,body-parts,3,आँखें,11198.2,आँखें
71977,body-parts,4,नाक,11118.5,नाक
72898,animals,1,गाय,16496.4,गाय
72898,animals,2,बिल्ली,4160.0,बिल्ली
72898,animals,3,कुत्ता,3806.9,कुत्ता
72898,animals,4,बैल,6117.9,बैल
72898,animals,5,ऊँट,4682.7,ऊँट
72898,animals,6,खरगोश,3871.7,खरगोश
72898,animals,7,बकरी,4976.4,बकरी
72898,animals,8,सूअर,4560.1,सूअर
72898,animals,9,शेर,4894.8,शेर
72898,animals,10,हाथी,3084.3,हाथी
72898,foods,1,छाछ,18276.2,छाछ
72898,foods,2,खोया,3422.9,खोया
72898,foods,3,मक्खन,4528.8,मक्खन
72898,foods,4,घी,4112.2,घी
72898,foods,5,दूध,9035.4,दूध
72898,foods,6,पनीर,3335.4,पनीर
72898,foods,7,अंडा,9451.5,अंडा
72898,body-parts,1,सिर,30984.2,सिर
72898,body-parts,2,बाल,3347.9,बाल
72898,body-parts,3,आँख,4783.4,आँख
72898,body-parts,4,होंठ,3852.1,होंठ
72898,body-parts,5,नाक,4016.9,नाक
72898,body-parts,6,गर्दन,5036.3,गर्दन
72898,body-parts,7,जीभ,3443.0,जीभ
72898,body-parts,8,कान,3922.9,कान
73233,foods,1,roti,25265.9,रोटी
73233,foods,2,chaval,1631.4,चावल
73233,foods,3,sabzi,5895.0,सब्ज़ी
73233,foods,4,gajar,1750.9,गाजर
73233,foods,5,tamatar,2646.2,टमाटर
73233,foods,6,bataka,4367.4,बटाका
73233,foods,7,paani,2641.6,पानी
73233,foods,8,lassi,3117.5,लस्सी
73233,foods,9,anaar,5960.6,अनार
73233,foods,10,karela,4892.6,करेला
73233,animals,1,sher,8379.9,शेर
73233,animals,2,cheetah,1772.7,चीता
73233,animals,3,gaay,6404.6,गाय
73233,animals,4,bhes,7210.9,भैंस
73233,animals,5,kutta,7229.4,कुत्ता
73233,animals,6,billi,1505.7,बिल्ली
73233,animals,7,bakri,4521.1,बकरी
73233,animals,8,ghoda,2428.4,घोड़ा
73233,animals,9,gadha,2437.9,गधा
73233,animals,10,oont,1960.1,ऊंट
73233,animals,11,bhed,1530.7,भेड़
73233,animals,12,bhediya,3079.6,भेड़िया
73233,animals,13,suar,1566.4,सुअर
73233,animals,14,baagh,4522.7,बाघ
73233,animals,15,hiran,2979.9,हिरन
73233,animals,16,lomdi,1879.9,लोमड़ी
73233,body-parts,1,haath,10333.8,हाथ
73233,body-parts,2,pair,3012.4,पैर
73233,body-parts,3,aanhkein,3173.8,आंखें
73233,body-parts,4,muh,1713.1,मुंह
73233,body-parts,5,ungliyan,6197.3,उंगलियां
73233,body-parts,6,sir,2838.2,सिर
73233,body-parts,7,baal,1295.4,बाल
73233,body-parts,8,naak,2420.7,नाक
73233,body-parts,9,kaan,1115.7,कान
73233,body-parts,10,daant,4413.9,दांत
73233,body-parts,11,jeebh,2679.5,जीभ
73233,body-parts,12,gaal,3920.6,गाल
73233,body-parts,13,gardan,3483.7,गर्दन
73233,body-parts,14,pet,3300.9,पेट
73233,body-parts,15,peeth,1560.1,पीठ
73233,body-parts,16,ghutna,5201.3,घुटना
74323,body-parts,1,सिर,14963.3,सिर
74323,body-parts,2,बाल,7147.6,बाल
74323,body-parts,3,आँख,4914.8,आँख
74323,body-parts,4,नाक,4995.0,नाक
74323,body-parts,5,मुँह,4390.0,मुँह
74323,body-parts,6,हाथ,5624.9,हाथ
74323,body-parts,7,उंगली,6584.3,उंगली
74323,body-parts,8,पैर,7236.8,पैर
74323,foods,1,Atta,20685.6,आटा
74323,foods,2,आटा,5937.2,आटा
74323,foods,3,चावल,5388.9,चावल
74323,foods,4,दाल,5807.4,दाल
74323,foods,5,तेल,9425.6,तेल
74323,foods,6,घी,4965.1,घी
74323,foods,7,नमक,4384.2,नमक
74323,animals,1,कुत्ता,11468.4,कुत्ता
74323,animals,2,बिल्ली,5339.5,बिल्ली
74323,animals,3,गाय,6650.1,गाय
74323,animals,4,शेर,4248.1,शेर
74323,animals,5,बाघ,4983.7,बाघ
74323,animals,6,हाथी,4580.1,हाथी
74323,animals,7,बंदर,4685.7,बंदर
74323,animals,8,घोड़ा,4863.1,घोड़ा
74323,animals,9,खरगोश,6765.6,खरगोश
74323,animals,10,भालू,6064.0,भालू
78839,foods,1,गुड,16580.6,गुड
78839,foods,2,शक्कर,6410.0,शक्कर
78839,foods,3,गेहू,4490.4,गेहू
78839,foods,4,बाजरा,4434.1,बाजरा
78839,foods,5,पोहा,5944.8,पोहा
78839,foods,6,आचार,4754.8,आचार
78839,foods,7,टमाटर,7319.1,टमाटर
78839,foods,8,अंगूर,2994.4,अंगूर
78839,foods,9,अनार,3124.1,अनार
78839,foods,10,आम,1805.5,आम
78839,body-parts,1,कान,3823.4,कान
78839,body-parts,2,आँख,3385.8,आँख
78839,body-parts,3,नाक,2909.4,नाक
78839,body-parts,4,गर्दन,5088.9,गर्दन
78839,body-parts,5,दांत,5723.6,दांत
78839,body-parts,6,हाथ,5641.4,हाथ
78839,body-parts,7,दिल,5114.3,दिल
78839,body-parts,8,पेट,3822.0,पेट
78839,body-parts,9,पाव,9140.7,पाव
78839,body-parts,10,घुटना,11418.9,घुटना
78839,animals,1,कुत्ता,7838.1,कुत्ता
78839,animals,2,बिल्ली,3122.2,बिल्ली
78839,animals,3,शेर,2125.3,शेर
78839,animals,4,बाग,3208.2,बाग
78839,animals,5,हाथी,2916.5,हाथी
78839,animals,6,गधा,14609.8,गधा
78839,animals,7,घोडा,3173.2,घोडा
78839,animals,8,गाय,5745.5,गाय
78839,animals,9,भेस,4452.5,भेस
78839,animals,10,बंदर,9159.0,बंदर
81851,body-parts,1,आंख,10576.3,आंख
81851,body-parts,2,हाथ,9008.3,हाथ
81851,body-parts,3,पैर,9879.2,पैर
81851,body-parts,4,बाल,8696.6,बाल
81851,body-parts,5,कान,8384.2,कान
81851,body-parts,6,नाक,9152.0,नाक
81851,foods,1,दाल,12656.2,दाल
81851,foods,2,चावल,13287.8,चावल
81851,foods,3,रोटी,9608.2,रोटी
81851,foods,4,सब्ज़ी,11056.3,सब्ज़ी
81851,foods,5,चाय,11247.4,चाय
81851,animals,1,कुत्ता,9695.3,कुत्ता
81851,animals,2,बिल्ली,8457.0,बिल्ली
81851,animals,3,शेर,7935.9,शेर
81851,animals,4,साँप,10576.1,साँप
81851,animals,5,मछली,8728.3,मछली
81851,animals,6,चूहा,10055.6,चूहा
83682,animals,1,kutta,7424.1,कुत्ता
83682,animals,2,billi,2465.2,बिल्ली
83682,animals,3,chuuha,8708.4,चूहा
83682,animals,4,pakshi,8966.0,पक्षी
83682,animals,5,kabootar,7313.2,कबूतर
83682,animals,6,baagh,5970.3,बाघ
83682,animals,7,sher,3101.0,शेर
83682,animals,8,hiran,3843.4,हिरन
83682,animals,9,moor,7769.3,मोर
83682,colours,1,hera,5383.8,हीरा
83682,colours,2,neela,2413.3,नीला
83682,colours,3,laal,2703.8,लाल
83682,colours,4,peela,2913.9,पीला
83682,colours,5,kaala,1965.6,काला
83682,colours,6,safid,5723.3,सफेद
83682,colours,7,naaringe,9058.0,नारंगी
83682,colours,8,gulaabi,14125.5,गुलाबी
83682,colours,9,bhuura,8906.5,भूरा
83682,foods,1,pani puri,25134.2,
83682,foods,2,sabzi,3130.8,सब्ज़ी
83682,foods,3,roti,2837.7,रोटी
83682,foods,4,chawal,5766.8,चावल
83682,foods,5,daal,1577.9,दाल
83682,foods,6,khicdi,8530.1,खिचड़ी
83682,foods,7,dahi,4304.3,दही
83682,foods,8,dooth,2097.5,दूध
83682,foods,9,chaat,2828.7,चाट
86781,animals,1,गाय,4374.3,गाय
86781,animals,2,भैंस,2504.5,भैंस
86781,animals,3,शेर,3782.9,शेर
86781,animals,4,बाघ,4164.8,बाघ
86781,animals,5,बकरी,14999.5,बकरी
86781,animals,6,भेड़,5595.1,भेड़
86781,animals,7,हाथी,24318.7,हाथी
86781,foods,1,पानी,9816.2,पानी
86781,foods,2,दूध,3404.3,दूध
86781,foods,3,शेब,7310.6,शेब
86781,foods,4,केला,2007.8,केला
86781,foods,5,रोटी,4402.9,रोटी
86781,foods,6,आम,9898.3,आम
86781,foods,7,पनीर,19889.3,पनीर
86781,body-parts,1,आँख,4073.5,आँख
86781,body-parts,2,नाक,2064.5,नाक
86781,body-parts,3,कान,1884.9,कान
86781,body-parts,4,हाथ,2565.9,हाथ
86781,body-parts,5,पैर,2038.2,पैर
86781,body-parts,6,पेट,17460.4,पेट
86781,body-parts,7,पीठ,2604.0,पीठ
86781,body-parts,8,कमर,4728.4,कमर
86781,body-parts,9,कंधा,8181.6,कंधा
86781,body-parts,10,उंगली,10539.4,उंगली
92821,foods,1,Aata,6094.9,आटा
92821,foods,2,Chawal,1348.8,चावल
92821,foods,3,Daal,884.7,दाल
92821,foods,4,Soyabean,1843.2,सोयाबीन
92821,foods,5,urad,999.2,उड़द
92821,foods,6,Moong,1511.1,मूंग
92821,foods,7,Rajma,1722.1,राजमा
92821,foods,8,Chana,1804.7,चना
92821,foods,9,Arhar,3058.5,अरहर
92821,foods,10,Masoor,1868.2,मसूर
92821,foods,11,Lauki,1893.3,लौकी
92821,foods,12,Tinda,1498.7,टिंडा
92821,foods,13,Kaddu,2867.1,कद्दू
92821,foods,14,Sitaphal,5115.8,सीताफल
92821,foods,15,Petha,1722.2,पेठा
92821,foods,16,Murga,1913.3,मुर्गा
92821,foods,17,Macchi,1322.2,मच्छी
92821,foods,18,Ande,1993.5,अंडे
92821,foods,19,Suar (Pork),8317.0,
92821,foods,20,Beef (Buffalo),5831.1,
92821,foods,21,Dairy,2187.7,डेयरी
92821,foods,22,Doodh,899.1,दूध
92821,foods,23,Dahi,732.8,दही
92821,foods,24,Ghee,1508.1,घी
92821,animals,1,Kutta,3623.8,कुत्ता
92821,animals,2,Billi,1122.6,बिल्ली
92821,animals,3,Sher,790.2,शेर
92821,animals,4,Baag,1290.5,बाघ
92821,animals,5,Cheetah,1916.5,चीता
92821,animals,6,Geedad,3327.5,गीदड़
92821,animals,7,Langoor,8978.6,लंगूर
92821,animals,8,Bandar,1150.9,बंदर
92821,animals,9,Ghoda,4978.0,घोड़ा
92821,animals,10,Saanp,3650.8,सांप
92821,animals,11,Magarmacch,3818.8,मगरमच्छ
92821,animals,12,Kacchhuaa,10697.9,कछुआ
92821,animals,13,Bhaaloo,12171.9,भालू
92821,colours,1,Kaala,4367.0,काला
92821,colours,2,Safed,1329.5,सफेद
92821,colours,3,Laal,3483.5,लाल
92821,colours,4,Hara,771.5,हरा
92821,colours,5,Peela,988.6,पीला
92821,colours,6,Neela,1140.9,नीला
92821,colours,7,Gulaabi,3807.2,गुलाबी
92821,colours,8,Ferozi,2993.2,फिरोज़ी
92821,colours,9,Bhagwa,1238.4,भगवा
92821,colours,10,Gerua,3157.2,गेरुआ
92821,colours,11,Naarangi,9351.2,नारंगी
92821,colours,12,Rajat,5870.6,रजत
92821,colours,13,Swarna,3338.0,स्वर्ण
92821,colours,14,Kaansya,2205.1,कांस्य
92821,colours,15,Bhoora,6980.4,भूरा
94502,body-parts,1,सिर,32356.9,सिर
94502,body-parts,2,कान,5830.6,कान
94502,body-parts,3,मुँह,5117.5,मुँह
94502,body-parts,4,कंधा,5234.1,कंधा
94502,body-parts,5,घुटना,6797.5,घुटना
94502,animals,1,गाय,23362.5,गाय
94502,animals,2,घोड़ा,7567.8,घोड़ा
94502,animals,3,कुत्ता,6342.0,कुत्ता
94502,animals,4,बाघ,6537.5,बाघ
94502,animals,5,सियार,6739.9,सियार
94502,animals,6,नीलगाय,6494.4,नीलगाय
94502,foods,1,चावल,15884.0,चावल
94502,foods,2,बाजरा,6236.1,बाजरा
94502,foods,3,उड़द,6604.2,उड़द
94502,foods,4,राजमा,6557.4,राजमा
94502,foods,5,टमाटर,6308.0,टमाटर
94502,foods,6,बैंगन,6936.9,बैंगन
94502,foods,7,मूली,6677.2,मूली
95712,colours,1,लाल,8649.0,लाल
95712,colours,2,नीला,7806.0,नीला
95712,colours,3,पीला,7872.0,पीला
95712,colours,4,हरा,9607.0,हरा
95712,colours,5,भगवा,8012.0,भगवा
95712,colours,6,नीला,6640.0,नीला
95712,colours,7,गुलाबी,8142.0,गुलाबी
95712,foods,1,केला,9992.0,केला
95712,foods,2,पोहा,8169.0,पोहा
95712,foods,3,सेब,6410.0,सेब
95712,foods,4,डोसा,9644.0,डोसा
95712,foods,5,समोसा,7617.0,समोसा
95712,foods,6,कचोरी,8163.0,कचोरी
95712,foods,7,मोशाम्बी,9451.0,मोशाम्बी
95712,animals,1,कुत्ता,9246.0,कुत्ता
95712,animals,2,बिल्ली,7278.0,बिल्ली
95712,animals,3,सेर,6688.0,सेर
95712,animals,4,बाग़,11987.0,बाग़
95712,animals,5,बन्दर,17777.0,बन्दर
