participant_id,domain,word,x_norm,y_norm,devnagri_word
3342,animals,कछुआ,0.5674801181355096,0.2569659439182309,कछुआ
3342,animals,कुत्ता,0.0898710533035432,0.2569659439182309,कुत्ता
3342,animals,डायनासोर,0.8999892794628959,0.1068111370039668,डायनासोर
3342,animals,बंदर,0.0904342220757922,0.4322755489813705,बंदर
3342,animals,मछली,0.4652263182429085,0.2577399258972191,मछली
3342,animals,शेर,0.3282930388269055,0.3773220017586506,शेर
3342,animals,साँप,0.4388213242663255,0.5007739875150232,साँप
3342,body-parts,आंख,0.515608944475657,0.2871517135070894,आंख
3342,body-parts,उंगली,0.3587221808355086,0.5882353093146059,उंगली
3342,body-parts,कान,0.3676055796551596,0.289860679959068,कान
3342,body-parts,जांघ,0.3595615950039635,0.448529406744282,जांघ
3342,body-parts,नाक,0.4418461960381133,0.284829708519085,नाक
3342,body-parts,पाँव,0.4327316424744215,0.4543343601632532,पाँव
3342,body-parts,बाल,0.3604971579271904,0.142777708136508,बाल
3342,foods,कॉफ़ी,0.4285182820565189,0.4609132955612127,कॉफ़ी
3342,foods,चाय,0.5207390115390336,0.4589783110882223,चाय
3342,foods,चावल,0.4855811948343296,0.1745355935586313,चावल
3342,foods,चुकंदर,0.4977955169219028,0.2983745998300179,चुकंदर
3342,foods,दाल,0.409654265757138,0.1726006090856409,दाल
3342,foods,दूध,0.3516269976859603,0.4628482800342031,दूध
3342,foods,नींबू,0.4187560984226159,0.3041795532489891,नींबू
5157,animals,bhaalu,0.7454297831679617,0.5213980775113244,भालू
5157,animals,billi',0.42154948373233,0.4362625473203508,billi'
5157,animals,cheenti,0.5506799749601028,0.7380383325920115,चींटी
5157,animals,cheetah,0.7473881854420892,0.3472852996979257,चीता
5157,animals,haathi,0.6678945145784937,0.0668135113732151,हाथी
5157,animals,khargosh,0.5799534411242581,0.2641109160508763,खरगोश
5157,animals,kutta,0.4984191647858722,0.447895133823234,कुत्ता
5157,animals,lomdi,0.6680205961138211,0.4227225313778079,लोमड़ी
5157,animals,sher,0.782194668729333,0.4323939713367671,शेर
5157,animals,simh,0.7426767324814476,0.4323939713367671,सिंह
5157,body-parts,aankh,0.3179505052899903,0.4053139394516812,आंख
5157,body-parts,baahu,0.6018150598159324,0.360395460746785,बाहु
5157,body-parts,chaati,0.4640945158559521,0.424226964475916,छाती
5157,body-parts,dil,0.4691721909686686,0.4842167507735955,दिल
5157,body-parts,gaal,0.3221564015129434,0.5272009414866999,गाल
5157,body-parts,gala,0.3900730959633174,0.5071864206761237,गला
5157,body-parts,haath,0.5579409625468185,0.4044542296643138,हाथ
5157,body-parts,maatha,0.3199370247197156,0.5863041594448798,माथा
5157,body-parts,naak,0.321824057244546,0.4653037257493607,नाक
5157,body-parts,pair,0.5568167913857539,0.4880853267571792,पैर
5157,body-parts,sir,0.3600335148854726,0.4470085654837345,सिर
5157,body-parts,ungli,0.5992622533809785,0.420788243386016,उंगली
5157,foods,chawal,0.3451699179290309,0.3995110754763057,चावल
5157,foods,doodh,0.2308666684050323,0.3836069166482871,दूध
5157,foods,gehun,0.3434027548563114,0.3221395558046317,गेहूं
5157,foods,idli,0.5079621945819209,0.4136689561774572,इडली
5157,foods,sabzi,0.4086115866437916,0.5046342088959384,सब्ज़ी
5157,foods,sambar,0.4631199609779898,0.410686948533373,सांभर
10147,animals,कुत्ता,0.539771079229791,0.509722597902203,कुत्ता
10147,animals,तेंदुआ,0.4369996636394214,0.4327833378414931,तेंदुआ
10147,animals,शेर,0.4353065187239944,0.3558440777807832,शेर
10147,animals,हाथी,0.543038087592543,0.3154509662489105,हाथी
10147,body-parts,आँख,0.4696106680962273,0.4135485228263156,आँख
10147,body-parts,कान,0.6042379588242507,0.4154720043278334,कान
10147,body-parts,जीभ,0.5378630821016964,0.4116250413247979,जीभ
10147,body-parts,नाक,0.5364662869372332,0.5270339314158627,नाक
10147,body-parts,पैर,0.3359989367122256,0.4924112643885432,पैर
10147,body-parts,हाथ,0.3338078291814946,0.4193189673308689,हाथ
10147,foods,आलू,0.6246096189881324,0.5077991164006852,आलू
10147,foods,खिचड़ी,0.5506740396202403,0.5308808944188982,खिचड़ी
10147,foods,चावल,0.521275403885366,0.4231659303339043,चावल
10147,foods,दाल,0.5763583538343371,0.4231659303339043,दाल
10147,foods,पराठा,0.3938483612070125,0.4212424488323866,पराठा
10147,foods,फल,0.456725523813765,0.646289784509963,फल
10147,foods,रोटी,0.4374436441762865,0.4212424488323866,रोटी
13498,animals,ऊंट,0.5304301722500645,0.4093652237678765,ऊंट
13498,animals,कुत्ता,0.9994640618503744,0.438329742232757,कुत्ता
13498,animals,गधा,1.003087696238761,0.3823316732006547,गधा
13498,animals,घोड़ा,0.991305505960788,0.4943278112648594,घोड़ा
13498,animals,बंदर,0.0039495608369005,0.4402607101304158,बंदर
13498,animals,शेर,0.0038996648822186,0.5252232976273986,शेर
13498,animals,हाथी,0.0039522437415583,0.6063239493290641,हाथी
13498,body-parts,आँखें,0.0337503879276153,0.4499155496187093,आँखें
13498,body-parts,कान,0.0355423917067752,0.5696355592735488,कान
13498,body-parts,गरदन,0.944031820225131,0.5657736234782313,गरदन
13498,body-parts,पेट,0.928090815681277,0.4518465175163679,पेट
13498,body-parts,हाथ,0.9339246836523606,0.5117065223437877,हाथ
13498,body-parts,होंठ,0.0373219840513158,0.509775554446129,होंठ
13498,foods,अनाज,1.0049299080069118,0.2799903451605117,अनाज
13498,foods,गेहूँ,0.9951315251158184,0.3456432536809075,गेहूँ
13498,foods,चावल,1.00335879643413,0.4074342558702178,चावल
13498,foods,दही,0.0039224499163952,0.5464639445016444,दही
13498,foods,दूध,0.007796162864752,0.4730871643906137,दूध
13498,foods,मक्खन,0.0040481562017786,0.3900555447912895,मक्खन
13498,foods,सेब,0.5157719251565541,1.0041033362467566,सेब
13549,animals,ऊँट,0.3797564634028774,0.5914075849333678,ऊँट
13549,animals,कुत्ता,0.3483419100341652,0.3310541020464004,कुत्ता
13549,animals,खरगोश,0.3703640325242682,0.1820410638425916,खरगोश
13549,animals,घोड़ा,0.3369539159294767,0.5314153245708982,घोड़ा
13549,animals,बकरी,0.4105905964077648,0.3697587872941429,बकरी
13549,animals,बाघ,0.1085399957155446,0.7404206187369212,बाघ
13549,animals,बिल्ली,0.363512565122875,0.2613856686004638,बिल्ली
13549,animals,भेड़,0.408827219964194,0.2865437140114965,भेड़
13549,animals,शेर,0.1494949475488738,0.8275061579727642,शेर
13549,animals,हाथी,0.3341943731890162,0.6513998452958374,हाथी
13549,body-parts,आँख,0.2310593751195545,0.5778609454966811,आँख
13549,body-parts,छाती,0.3683415098572928,0.5294800903656572,छाती
13549,body-parts,दिल,0.3371112495366421,0.4162044095914339,दिल
13549,body-parts,पैर,0.5158706986310545,0.1936524694169144,पैर
13549,body-parts,फेफड़ा,0.3912146200597255,0.4162044095914339,फेफड़ा
13549,body-parts,माथा,0.2568273549206875,0.7104889806135516,माथा
13549,body-parts,सिर,0.1853868547256827,0.6997807004268612,सिर
13549,body-parts,हाथ,0.2674174717189875,0.1908141044484902,हाथ
13549,foods,आलू,0.2722489355255554,0.3399561223677739,आलू
13549,foods,केला,0.0911632591202585,0.4482002537455372,केला
13549,foods,गेहूँ,0.4844899979587644,0.249774263026141,गेहूँ
13549,foods,चावल,0.4901791307409521,0.156883018431559,चावल
13549,foods,जलेबी,0.4020839681685572,0.7064895489495029,जलेबी
13549,foods,टमाटर,0.1167359314140129,0.3728551038568701,टमाटर
13549,foods,रसगुल्ला,0.3425260751134479,0.7219714230486,रसगुल्ला
13549,foods,सेब,0.0657726616519361,0.3755644900813042,सेब
20970,animals,bakra,0.1442311561833474,0.2919549258330564,बकरा
20970,animals,bhalu,0.437788791051082,0.2262167306123682,भालू
20970,animals,billi,0.1042994368996356,0.6554484758768617,बिल्ली
20970,animals,chuha,0.1067355282978265,0.5723089936859913,चूहा
20970,animals,gadha,0.4200785495238607,0.5394398960756472,गधा
20970,animals,ghoda,0.4185905674469932,0.6206459019364974,घोड़ा
20970,animals,hathi,0.3799667047756583,0.2436180175825504,हाथी
20970,animals,kutta,0.0496449158096053,0.6206459019364974,कुत्ता
20970,animals,murga,0.1535351357179439,0.2300836832724087,मुर्गा
20970,animals,sher,0.4048906528861777,0.1778798223618621,शेर
20970,body-parts,baal,0.1447626650700196,0.3750944080239268,बाल
20970,body-parts,dimag,0.518270905776875,0.6380471889066796,दिमाग
20970,body-parts,fefde,0.4570786607017473,0.6554484758768617,फेफड़े
20970,body-parts,gurde,0.4735043538392335,0.7231201474275701,गुर्दे
20970,body-parts,hadiyan,0.599918489335688,0.7869248663182381,हड्डियां
20970,body-parts,hath,0.0878798584217086,0.4350321742545542,हाथ
20970,body-parts,hridai,0.5316620478168386,0.7443883870577929,हृदय
20970,body-parts,khoon,0.4807754442649434,0.8159270112685417,खून
20970,body-parts,khopdi,0.1685438781298112,0.4621008428748376,खोपड़ी
20970,body-parts,maanspeshiya,0.6045780431579615,0.6883175734872058,मांसपेशियां
20970,body-parts,pair,0.0969059430597892,0.5220386091054651,पैर
20970,body-parts,pait,0.1427206116597642,0.5645750883659104,पेट
20970,foods,aalu,0.2835682875067359,0.2977553548231171,आलू
20970,foods,baigan,0.2728493082304055,0.3538261683937041,बैंगन
20970,foods,bhindi,0.3325794291868605,0.3325579287634814,भिंडी
20970,foods,chawal,0.1054664811638053,0.6051780912963355,चावल
20970,foods,chicken,0.6133617096264767,0.313223165463279,चिकन
20970,foods,dawaaiya,0.420715298177859,0.746321863387813,दवाइयां
20970,foods,machli,0.5936672082190119,0.3847617896740279,मछली
20970,foods,mutton,0.6632214192342339,0.3905622186640887,मटन
20970,foods,roti,0.0814022814897253,0.5355729434156068,रोटी
23853,animals,गधा,0.3413743294295572,0.5414086259277878,गधा
23853,animals,घोड़ा,0.2697432657821544,0.5379256775353844,घोड़ा
23853,animals,चीता,0.525255836889711,0.294891627315299,चीता
23853,animals,तेंदुआ,0.617671194202437,0.299535599007541,तेंदुआ
23853,animals,बाघ,0.4542841302198301,0.2879256922981442,बाघ
23853,animals,शेर,0.3934164039636886,0.2917956612012765,शेर
23853,animals,हाथी,0.7186367670992198,0.5549535170887507,हाथी
23853,body-parts,आँख,0.4179234225963421,0.3517801791998265,आँख
23853,body-parts,उँगली,0.4221155128524864,0.5123838886798154,उँगली
23853,body-parts,कान,0.5076574824700626,0.3575851325545249,कान
23853,body-parts,घुटना,0.7660756876853053,0.3769349770701862,घुटना
23853,body-parts,पैर,0.6858146092379103,0.3788699615217523,पैर
23853,body-parts,सिर,0.2719510359776542,0.3459752258451281,सिर
23853,body-parts,हाथ,0.4982252609485694,0.5143188731313816,हाथ
23853,foods,अंडा,0.5385321842328606,0.4903250922192724,अंडा
23853,foods,चावल,0.3693265830962716,0.3819659302066889,चावल
23853,foods,दही,0.3181257854507519,0.2685758477824829,दही
23853,foods,दाल,0.4519950680528789,0.3808049459733185,दाल
23853,foods,दूध,0.4694314057303539,0.2627708944277845,दूध
23853,foods,पनीर,0.3817472606060477,0.2743808011371813,पनीर
23853,foods,फल,0.307998619060852,0.4678792462937944,फल
23853,foods,मिठाई,0.4243202850271032,0.4756191841000589,मिठाई
23853,foods,रोटी,0.2985219469362862,0.3788699615217523,रोटी
23853,foods,सब्ज़ी,0.5326575891940677,0.3866098993280168,सब्ज़ी
31417,animals,कुत्ता,0.4326736428746737,0.3468494939601698,कुत्ता
31417,animals,खरगोश,0.3511560693641618,0.3886385896180215,खरगोश
31417,animals,गाय,0.1871990212978924,0.3315268255522908,गाय
31417,animals,बकरी,0.2244205195998252,0.3287408858417673,बकरी
31417,animals,बिल्ली,0.469960425565309,0.345456524104908,बिल्ली
31417,animals,भैंस,0.2624699919978661,0.3287408858417673,भैंस
31417,animals,शेर,0.3713952843273231,0.2075525084339971,शेर
31417,animals,हाथी,0.3225403621443225,0.2061595385787354,हाथी
31417,body-parts,आँख,0.1894167839353124,0.3148111872891501,आँख
31417,body-parts,कान,0.2596725112302565,0.3134182174338883,कान
31417,body-parts,घुटना,0.3601620012978004,0.4499292632495374,घुटना
31417,body-parts,दिमाग,0.3103796672579088,0.157405593644575,दिमाग
31417,body-parts,नाक,0.2261433682966794,0.3134182174338883,नाक
31417,body-parts,पेट,0.4179389101391429,0.2688431820655131,पेट
31417,body-parts,पैर,0.3274926345169793,0.4499292632495374,पैर
31417,body-parts,मुंह,0.2940047269781738,0.3134182174338883,मुंह
31417,body-parts,हाथ,0.2939501779359431,0.4513222331047992,हाथ
31417,foods,आम,0.4352673594077509,0.4680378713679399,आम
31417,foods,केला,0.39992412153944,0.4680378713679399,केला
31417,foods,चावल,0.2473727845123126,0.3969964087495919,चावल
31417,foods,दही,0.479640625347477,0.2200892371313527,दही
31417,foods,दाल,0.2885353934522948,0.3942104690390685,दाल
31417,foods,पानी,0.515772343224023,0.2200892371313527,पानी
31417,foods,प्याज,0.3416993376447855,0.2173032974208292,प्याज
35389,animals,bagh,0.3292573794819349,0.4106037140262218,बाघ
35389,animals,bakri,0.8791498795861231,0.3719040245664136,बकरी
35389,animals,bhalu,0.5955716172158559,0.3525299541474211,भालू
35389,animals,gaay,0.8763164437300935,0.4434984500670589,गाय
35389,animals,ghoda,0.8805029234274783,0.5123839091157256,घोड़ा
35389,animals,hathi,0.6488200450611472,0.3502079966770504,हाथी
35389,animals,kutta,0.2123055706376,0.6188080551301984,कुत्ता
35389,animals,saap,0.10860993049209,0.3293101404715362,सांप
35389,animals,sher,0.3266210044229056,0.3409200473094786,शेर
35389,animals,suar,0.2155445518368931,0.6845975272118725,सुअर
35389,body-parts,aankh,0.1253573319216516,0.1547504245631362,आंख
35389,body-parts,daat,0.1433620305280717,0.3467492116547782,दांत
35389,body-parts,dil,0.3650190382565308,0.4961300070645342,दिल
35389,body-parts,dimag,0.7675226885254327,0.0885981428927764,दिमाग
35389,body-parts,gala,0.3674010442286692,0.2608359128642118,गला
35389,body-parts,jeeb,0.1380741060818894,0.284829708519085,जीभ
35389,body-parts,kohni,0.6378044100004034,0.3653250744056942,कोहनी
35389,body-parts,muh,0.1206139004749718,0.2232972258984057,मुंह
35389,body-parts,naak,0.1192185703769386,0.0897590863357388,नाक
35389,body-parts,pair,0.6279891889951228,0.2956656333780392,पैर
35389,body-parts,pet,0.3668459581172141,0.3355262958063298,पेट
35389,body-parts,sar,0.6659838875838892,0.0897590863357388,सर
35389,foods,chawal,0.4925127726557179,0.3332043203438453,चावल
35389,foods,dal,0.4982699030691213,0.3951238234795386,दाल
35389,foods,halwa,0.714355126783944,0.6188080403674384,हलवा
35389,foods,idli,0.3448811995703698,0.6575077298272467,इडली
35389,foods,kachori,0.8367001461853774,0.3506191806007591,कचौड़ी
35389,foods,paratha,0.2576022524271272,0.2732198016811425,पराठा
35389,foods,rasam,0.2429280375729513,0.6582817708572748,रसम
35389,foods,roti,0.2866428154428713,0.3448142271817878,रोटी
35389,foods,sabzi,0.2782637900707915,0.420278621628414,सब्ज़ी
35389,foods,samaso,0.8381133641005725,0.2809597395731041,समोसा
42616,animals,गधा,0.2923446252333955,0.3394025101643981,गधा
42616,animals,गाय,0.0156432277489528,0.345059218667138,गाय
42616,animals,घोड़ा,0.2495738304012122,0.3375169406634847,घोड़ा
42616,animals,बकरी,0.0958522873333258,0.3412880796653114,बकरी
42616,animals,बैल,0.20234291799787,0.3375169406634847,बैल
42616,animals,भैंस,0.0575820855733771,0.3431736491662247,भैंस
42616,body-parts,आंख,0.0199968754882049,0.3827706086854045,आंख
42616,body-parts,कान,0.1531424246808605,0.3846561781863178,कान
42616,body-parts,नाक,0.0641061312617555,0.3827706086854045,नाक
42616,body-parts,मुंह,0.1106235872889243,0.3827706086854045,मुंह
42616,foods,चावल,0.0530002909644351,0.2413528961169053,चावल
42616,foods,दही,0.3658563658563659,0.2375817571150786,दही
42616,foods,दाल,0.0128059761221903,0.2413528961169053,दाल
42616,foods,दूध,0.329761654127007,0.2319250486123387,दूध
42616,foods,मक्खन,0.4026061559200179,0.2356961876141653,मक्खन
42616,foods,रोटी,0.1863504517620386,0.239467326615992,रोटी
43909,animals,bandar,0.3915881073241479,0.3514507560277891,बंदर
43909,animals,batak,0.2439699085787538,0.344912137310993,बतख
43909,animals,bhediya,0.4308294102931477,0.3988557417245607,भेड़िया
43909,animals,billi,0.2508378706394539,0.429914180629342,बिल्ली
43909,animals,chuha,0.2439112394010463,0.3024111156518185,चूहा
43909,animals,gaai,0.2451231087041483,0.256640784634246,गाय
43909,animals,haathi,0.3906886474165849,0.4331834899877401,हाथी
43909,animals,kutta,0.2470737428035956,0.4740498569677155,कुत्ता
43909,animals,mor,0.4024617721632096,0.3089497343686146,मोर
43909,animals,murgi,0.2464698331193838,0.3825091949325705,मुर्गी
43909,animals,saap,0.4329118743910496,0.3563547200653862,सांप
43909,animals,sher,0.3879308416649891,0.3923171230077646,शेर
43909,body-parts,aakhn,0.3607747638052718,0.3285655905190028,आंख
43909,body-parts,baal,0.2646017006916742,0.3808745402533715,बाल
43909,body-parts,chamdi,0.2569202680788814,0.3367388639149979,चमड़ी
43909,body-parts,hath,0.1941195563365306,0.3481814466693911,हाथ
43909,body-parts,kaan,0.3858013624955181,0.3743359215365754,कान
43909,body-parts,mu,0.4172442565500361,0.3677973028197793,मुंह
43909,body-parts,nakh,0.3996591775415938,0.3269309358398038,नख
43909,body-parts,pair,0.194231520223152,0.3874131589701675,पैर
43909,foods,bhukh,0.5143347329450539,0.2353902738046587,भूख
43909,foods,chatpata,0.4222638235697,0.596648957907642,चटपटा
43909,foods,chaval,0.306223551317497,0.341642827952595,चावल
43909,foods,dhudh,0.2313627582778838,0.3383735185941969,दूध
43909,foods,fal,0.2035506106075046,0.3383735185941969,फल
43909,foods,meetha,0.3953623056744756,0.5508786268900695,मीठा
43909,foods,roti,0.2722100364089831,0.3383735185941969,रोटी
43909,foods,swadisht,0.4611414346723913,0.2370249284838577,स्वादिष्ट
43909,foods,teekha,0.4429767021035964,0.5525132815692685,तीखा
53105,animals,कुत्ता,0.4928050301525324,0.2297852092856173,कुत्ता
53105,animals,गाय,0.6887980543030185,0.1274439107097061,गाय
53105,animals,घोडा,0.7335660335704579,0.4479845817210505,घोडा
53105,animals,बाघ,0.0746103816419192,0.509775554446129,बाघ
53105,animals,बिल्ली,0.5176500247125604,0.1718561723558562,बिल्ली
53105,animals,भालू,0.3136159267470376,0.6043929814314054,भालू
53105,animals,भैंस,0.6875051191599977,0.1718561723558562,भैंस
53105,animals,शेर,0.0604448056743884,0.4557084533116853,शेर
53105,animals,हाथी,0.7588308134558112,0.5368091050133509,हाथी
53105,body-parts,आँख,0.6392720688345395,0.0521361332367849,आँख
53105,body-parts,कान,0.6496359523719996,0.1815109823799179,कान
53105,body-parts,नाक,0.5074663855448985,0.1235819454501569,नाक
53105,body-parts,पैर,0.0659700470138846,0.3746078016100199,पैर
53105,body-parts,मूह,0.5031180969314359,0.0038619357953174,मूह
53105,body-parts,हाथ,0.145189969501183,0.4537774854140267,हाथ
53105,foods,चावल,0.7430061732308306,0.3186097031136857,चावल
53105,foods,दाल,0.7357678743477576,0.2645426019792421,दाल
53105,foods,पापड़,0.6098094498057248,0.0424812937484914,पापड़
53105,foods,फल,0.312908731039044,0.5426020087063269,फल
53105,foods,रोटी,0.3521744635695356,0.2104755303090303,रोटी
53105,foods,सब्जी,0.3513485573688599,0.2529568240575217,सब्जी
53307,animals,bail,0.7398942223136014,0.0559980690321023,बैल
53307,animals,billi,0.237256937881091,0.0540671011344436,बिल्ली
53307,animals,gadha,0.528760586872046,0.0540671011344436,गधा
53307,animals,gayan,0.7061756301188151,0.0559980690321023,गायन
53307,animals,hathi,0.3885060702726177,0.0521361332367849,हाथी
53307,animals,kutta,0.1427706230095771,0.0482741974414675,कुत्ता
53307,animals,lomdi,0.2707467126885305,0.0559980690321023,लोमड़ी
53307,animals,sher,0.1444612453287434,0.1042722664735698,शेर
53307,animals,tiger,0.1438202206933778,0.1544774318126961,टाइगर
53307,body-parts,aankh,0.3231202829512931,0.0328264542601979,आंख
53307,body-parts,baal,0.5436436602867497,0.0347574221578566,बाल
53307,body-parts,hath,0.8865512547925903,0.0289645184648805,हाथ
53307,body-parts,jeebh,0.635639484103891,0.0405503258508327,जीभ
53307,body-parts,kaan,0.4805179761079651,0.0405503258508327,कान
53307,body-parts,naak,0.4033705946227414,0.038619357953174,नाक
53307,body-parts,pair,0.8873918577529095,0.1815109823799179,पैर
53307,body-parts,peeth,0.4569389630817917,0.3437122857832488,पीठ
53307,body-parts,pet,0.3945724895299318,0.3417813473498219,पेट
53307,body-parts,taang,0.9278711430035408,0.1834419502775766,टांग
53307,body-parts,ungli,0.8914610930088341,0.1004103306782524,उंगली
53307,foods,bhindi,0.83558061336365,0.0463432295438088,भिंडी
53307,foods,chaval,0.2042710600729795,0.057929036929761,चावल
53307,foods,dahi,0.9501030662132008,0.0482741974414675,दही
53307,foods,dal,0.7154066599286865,0.0405503258508327,दाल
53307,foods,kaddu,0.7901295220717824,0.0405503258508327,कद्दू
53307,foods,maggi,0.5350865551632354,0.0521361332367849,मैगी
53307,foods,roti,0.1730111123849471,0.0540671011344436,रोटी
53307,foods,sabzi,0.7481149786136708,0.038619357953174,सब्ज़ी
61476,animals,bail,0.2856997522710235,0.5307152966037282,बैल
61476,animals,bhais,0.2755890931830997,0.4636236163702215,भैंस
61476,animals,bhallu,0.3962329839056732,0.5124569468872061,भालू
61476,animals,billi,0.1475072083848986,0.4550044454652924,बिल्ली
61476,animals,cheeta,0.3072000388592192,0.1677419383557238,चीता
61476,animals,chuha,0.1378044999276263,0.550121141518718,चूहा
61476,animals,kutta,0.1574629074120558,0.3081218824666948,कुत्ता
61476,animals,machli,0.6333364452510087,0.7099069305446789,मछली
61476,animals,sher,0.3130938076781743,0.2446002846926273,शेर
61476,colours,gulabi,0.1957363740825775,0.636644087425013,गुलाबी
61476,colours,hara,0.1857580002754973,0.2740022947507077,हरा
61476,colours,kaala,0.5905252879446696,0.2991457252302681,काला
61476,colours,lal,0.20509300058288,0.5720260003264225,लाल
61476,colours,neela,0.4178865768721842,0.3131709709121849,नीला
61476,colours,peela,0.412704748189216,0.5623613459709151,पीला
61476,colours,safed,0.5918170601663546,0.6474052858911593,सफेद
61476,colours,santara,0.299093633209435,0.5486676110765816,संतरा
61476,foods,aloo,0.2500916975793024,0.4230014097666079,आलू
61476,foods,baingan,0.2304190470715129,0.2865740099904879,बैंगन
61476,foods,chawal,0.2530560350980384,0.5160270293466452,चावल
61476,foods,dal,0.2015437110898777,0.5091928996714357,दाल
61476,foods,gajar,0.3724512193265524,0.430192525773315,गाजर
61476,foods,gobi,0.3189427409982449,0.6815248736071464,गोभी
61476,foods,matar,0.2253366271253098,0.6797398323774269,मटर
61476,foods,mirchi,0.0967562704145677,0.6976921468502802,मिर्ची
61476,foods,murga,0.6215339353954773,0.8086446601453725,मुर्गा
61476,foods,pyaaz,0.0994059628949388,0.4804539111885216,प्याज़
61476,foods,roti,0.2048067982792787,0.4140252525301812,रोटी
61476,foods,tamatar,0.0908223814165535,0.2987887388987706,टमाटर
62335,animals,कुत्ता,0.5755700412712967,0.4504160284156556,कुत्ता
62335,animals,गाय,0.5311486137949275,0.2782024103195087,गाय
62335,animals,चिड़िया,0.0636123967326149,0.4125386837364523,चिड़िया
62335,animals,चीता,0.4977198982860055,0.6253870348164378,चीता
62335,animals,बिल्ली,0.5168631197247547,0.5483261955081388,बिल्ली
62335,animals,भैंस,0.5616083102611046,0.2782024103195087,भैंस
62335,animals,शेर,0.5317152387501738,0.6195820813974665,शेर
62335,body-parts,आंख,0.5425081719016408,0.251934972478248,आंख
62335,body-parts,उँगलिया,0.5644039823519473,0.4523993756902628,उँगलिया
62335,body-parts,कान,0.5144857059633271,0.2983503889036896,कान
62335,body-parts,चेहरा,0.5414761883640826,0.2983745998300179,चेहरा
62335,body-parts,टांग,0.6296236498828517,0.5325077210618581,टांग
62335,body-parts,नाक,0.5657552372451594,0.3041795532489891,नाक
62335,body-parts,मुँह,0.5414239766142515,0.340944258235807,मुँह
62335,body-parts,हाथ,0.5206035132043652,0.4523993756902628,हाथ
62335,foods,खाना,0.6088446769127269,0.373838994276644,खाना
62335,foods,चाय,0.1561688447927499,0.6856859412151697,चाय
62335,foods,चावल,0.6681401736368008,0.3273751559985458,चावल
62335,foods,डोसा,0.5990535541851322,0.277065559700795,डोसा
62335,foods,दाल,0.2972709487847675,0.3579720979777067,दाल
62335,foods,मिठाई,0.6095800808974263,0.4686532334531743,मिठाई
62335,foods,रोटी,0.5512028904070368,0.3873596746612486,रोटी
68981,animals,Bear,0.1469586517369939,0.6515815232168213,Bear
68981,animals,Cat,0.5745595802944363,0.3886287423340684,Cat
68981,animals,Dog,0.5735629016506771,0.2706866862028337,Dog
68981,animals,Elephant,0.2564389000147902,0.3654270263738255,Elephant
68981,animals,Horse,0.4015282220265446,0.5143047037853842,Horse
68981,animals,Lion,0.215624861711618,0.6438476178967403,Lion
68981,animals,Monkey,0.4815229540053349,0.6051780912963355,Monkey
68981,animals,Rabbit,0.6247891315367753,0.3847617896740279,Rabbit
68981,animals,Tiger,0.174405641851078,0.5491072777257485,टाइगर
68981,animals,goat,0.5834706195603454,0.5897102806561735,goat
68981,animals,lamb,0.5866809736082598,0.6631823811969427,lamb
68981,body-parts,Ear,0.4379395533483548,0.3074227364732183,Ear
68981,body-parts,Finger,0.7106889004842049,0.7791909609981571,Finger
68981,body-parts,Hair,0.5058747569622349,0.1662789643817407,Hair
68981,body-parts,Hand,0.67252766181082,0.7153862421074892,Hand
68981,body-parts,Head,0.5056006348402053,0.3325579287634814,Head
68981,body-parts,Heart,0.4908994414874338,0.705718860457388,Heart
68981,body-parts,mouth,0.5089827029398517,0.5800428990060723,mouth
68981,body-parts,nose,0.5081660758530107,0.4640343192048579,nose
68981,foods,Banana,0.3689140264489862,0.6303132835865985,Banana
68981,foods,Bread,0.6484963004421622,0.440832603244615,Bread
68981,foods,Egg,0.6189941424762802,0.7559892450379143,Egg
68981,foods,Mango,0.3684037464420877,0.7115192894474487,Mango
68981,foods,Milk,0.5497253230016469,0.3093562128032385,Milk
68981,foods,Rice,0.6441502504695665,0.3460922630736232,Rice
68981,foods,fish,0.5870620571310075,0.8449291562188453,fish
71977,animals,कुत्ता,0.6475081354549399,0.0053937515031488,कुत्ता
71977,animals,चीता,0.0201775670719505,0.0092637204491296,चीता
71977,animals,बिल्ली,0.6721011226268054,0.5123355315513489,बिल्ली
71977,animals,शेर,0.0323467634471549,0.433388129622716,शेर
71977,body-parts,आँखें,0.0013035274497651,0.0073287359761392,आँखें
71977,body-parts,टांग,0.372036492715853,0.0092637204491296,टांग
71977,body-parts,नाक,0.0013006399366796,0.1168246875567962,नाक
71977,body-parts,हाथ,0.3701924530836115,0.1133175281995011,हाथ
71977,foods,आम,0.6792698193304658,0.0587751533670838,आम
71977,foods,चावल,0.3752874631412406,0.9264464492231458,चावल
72898,animals,Bull,0.5555826906329502,0.2577157149708909,Bull
72898,animals,Cat,0.4057430527293739,0.3080253112686416,Cat
72898,animals,Cow,0.5514148540454301,0.1899912584162263,Cow
72898,animals,Dog,0.3686658550739074,0.578125003633023,Dog
72898,animals,Elephant,0.849159654273139,0.1764463671052935,Elephant
72898,animals,Lion,0.4175940935255912,0.3931646280802199,Lion
72898,animals,Rabbit,0.5082848152561447,0.664086724276246,Rabbit
72898,animals,camel,0.6023611003700217,0.4938080316020497,camel
72898,animals,goat,0.6431136064593084,0.3989695814991911,goat
72898,animals,pig,0.4666768191102727,0.2112760876191209,pig
72898,body-parts,Ear,0.6359517364234062,0.2828705131197662,Ear
72898,body-parts,Hair,0.717011510874953,0.1891931245619497,Hair
72898,body-parts,Head,0.723196291095898,0.2867404820657471,Head
72898,body-parts,Neck,0.4720420738108246,0.4968556557674256,Neck
72898,body-parts,Tongue,0.6562571571551808,0.3738147833503157,Tongue
72898,body-parts,eye,0.6967818181997256,0.4280185595203756,eye
72898,body-parts,lips,0.7217020193347142,0.5092879073859731,lips
72898,body-parts,nose,0.7721306580841775,0.3931646280802199,nose
72898,foods,Cheese,0.6059313130394541,0.476393171345136,Cheese
72898,foods,Egg,0.6863662957315495,0.7298761963579201,Egg
72898,foods,Ghee,0.5502034251921828,0.4009287768985098,घी
72898,foods,Milk,0.6674407048336611,0.277065559700795,Milk
72898,foods,butter,0.6725029646390458,0.4028637613715002,butter
72898,foods,buttermilk,0.6239568725882684,0.3447900162554595,buttermilk
72898,foods,lost,0.3487233945224589,0.7260062274119392,lost
73233,animals,baagh,0.579994678059567,0.3012309920347574,बाघ
73233,animals,bakri,0.2407369576438967,0.4209510016895969,बकरी
73233,animals,bhed,0.1828758782747397,0.4228819695872556,भेड़
73233,animals,bhediya,0.6007447128083307,0.4402606806661839,भेड़िया
73233,animals,bhes,0.2423994683363807,0.2741974414675356,भैंस
73233,animals,billi,0.4056585030159725,0.3379193820902727,बिल्ली
73233,animals,cheetah,0.6571226243013033,0.3533671252715423,चीता
73233,animals,gaay,0.2410607731363442,0.335988414192614,गाय
73233,animals,gadha,0.297915343270255,0.4866039102099928,गधा
73233,animals,ghoda,0.3030578216627763,0.4248129374849143,घोड़ा
73233,animals,hiran,0.3098995774774689,0.2741974414675356,हिरन
73233,animals,kutta,0.3480968653963429,0.3417813178855901,कुत्ता
73233,animals,lomdi,0.5159593435935946,0.3050929278300748,लोमड़ी
73233,animals,oont,0.1823101268561972,0.3437122857832488,ऊंट
73233,animals,sher,0.5705489963953674,0.3610909968621771,शेर
73233,animals,suar,0.1839699166429352,0.2664735698769008,सुअर
73233,body-parts,aanhkein,0.4118741993167174,0.1718561428916244,आंखें
73233,body-parts,baal,0.4301075641710388,0.038619357953174,बाल
73233,body-parts,daant,0.4659619484902872,0.3630219647598359,दांत
73233,body-parts,gaal,0.3720816749821657,0.2915761525464639,गाल
73233,body-parts,gardan,0.4300112361796418,0.4402606806661839,गर्दन
73233,body-parts,ghutna,0.416114519231704,0.6739077962828868,घुटना
73233,body-parts,haath,0.3504658556222813,0.4750181028240405,हाथ
73233,body-parts,jeebh,0.4032536432136007,0.3649529326574945,जीभ
73233,body-parts,kaan,0.3031888880462244,0.2877142167511465,कान
73233,body-parts,muh,0.4301681483511383,0.3031619599324161,मुंह
73233,body-parts,naak,0.4287817228821792,0.2317161477190441,नाक
73233,body-parts,pair,0.428266606325929,0.7530774800868936,पैर
73233,body-parts,peeth,0.432463603604895,0.6005310161718561,पीठ
73233,body-parts,pet,0.429443295662571,0.5445329471397538,पेट
73233,body-parts,sir,0.431030702149732,0.1023412985759111,सिर
73233,body-parts,ungliyan,0.2762604459138766,0.4808110065170166,उंगलियां
73233,foods,anaar,0.6475681618628095,0.6294955346367367,अनार
73233,foods,bataka,0.4948249128810573,0.5387400434467777,बटाका
73233,foods,chaval,0.266526310311813,0.3668839005551533,चावल
73233,foods,gajar,0.5921925245735061,0.4132271300989621,गाजर
73233,foods,karela,0.4858330029655533,0.3977793869176925,करेला
73233,foods,lassi,0.3217702327131216,0.5445329471397538,लस्सी
73233,foods,paani,0.3026369917677222,0.6101858556601496,पानी
73233,foods,roti,0.1692624231467548,0.4788800386193579,रोटी
73233,foods,sabzi,0.5336336564185924,0.465363263335747,सब्ज़ी
73233,foods,tamatar,0.5988046819383273,0.5503258508327299,टमाटर
74323,animals,कुत्ता,0.0314545997086236,0.4323308270676692,कुत्ता
74323,animals,खरगोश,0.1872613737734166,0.6766917293233082,खरगोश
74323,animals,गाय,0.1934345463757228,0.4285714285714285,गाय
74323,animals,घोड़ा,0.1954198473282442,0.6052631578947368,घोड़ा
74323,animals,बंदर,0.192609182530795,0.5300751879699248,बंदर
74323,animals,बाघ,0.4440250253399042,0.4849624060150376,बाघ
74323,animals,बिल्ली,0.0294471579245416,0.5169172932330827,बिल्ली
74323,animals,भालू,0.4433065619191246,0.543233082706767,भालू
74323,animals,शेर,0.4472878998609179,0.4210526315789473,शेर
74323,animals,हाथी,0.4459108459108459,0.6221804511278195,हाथी
74323,body-parts,आँख,0.1936459909228441,0.4755639097744361,आँख
74323,body-parts,उंगली,0.3975997176138369,0.5319548872180451,उंगली
74323,body-parts,नाक,0.2029325718690328,0.5338345864661654,नाक
74323,body-parts,पैर,0.6842068726136759,0.4398496240601504,पैर
74323,body-parts,बाल,0.0257594848103037,0.5281954887218046,बाल
74323,body-parts,मुँह,0.2048570036879827,0.6071428571428571,मुँह
74323,body-parts,सिर,0.0312789094273097,0.4774436090225564,सिर
74323,body-parts,हाथ,0.4094245962385514,0.4567669172932331,हाथ
74323,foods,Atta,0.0383152556698126,0.4567669172932331,आटा
74323,foods,आटा,0.0404956498813604,0.518796992481203,आटा
74323,foods,घी,0.4101569265943811,0.5319548872180451,घी
74323,foods,चावल,0.1967838840784591,0.4567669172932331,चावल
74323,foods,तेल,0.4082472070690346,0.4774436090225564,तेल
74323,foods,दाल,0.2092673544325931,0.5338345864661654,दाल
74323,foods,नमक,0.5804860866502289,0.4530075187969924,नमक
78839,animals,कुत्ता,0.7479251212856457,0.1706414432118421,कुत्ता
78839,animals,गधा,0.8265012171688519,0.3544649681459315,गधा
78839,animals,गाय,0.8726093135843986,0.0777621885083022,गाय
78839,animals,घोडा,0.8274486048235417,0.5034829834925217,घोडा
78839,animals,बंदर,0.4781676760946887,0.0545423748324173,बंदर
78839,animals,बाग,0.5815292593358359,0.4415634803568284,बाग
78839,animals,बिल्ली,0.6514815514605957,0.3583349370919123,बिल्ली
78839,animals,भेस,0.8881326901159248,0.1667714742658613,भेस
78839,animals,शेर,0.5783600485021205,0.2731956202803341,शेर
78839,animals,हाथी,0.322172784316326,0.1222668313870818,हाथी
78839,body-parts,आँख,0.4873568186528559,0.1029169866571776,आँख
78839,body-parts,कान,0.5423673993661827,0.1009820021841872,कान
78839,body-parts,गर्दन,0.5147950554555191,0.3915924531959152,गर्दन
78839,body-parts,घुटना,0.5087399140671661,0.7085913671550256,घुटना
78839,body-parts,दांत,0.5130221621548569,0.2975522550494129,दांत
78839,body-parts,दिल,0.53017869659341,0.5518575657917622,दिल
78839,body-parts,नाक,0.5147287743534928,0.2112760876191209,नाक
78839,body-parts,पाव,0.5074143390887834,0.799535637385575,पाव
78839,body-parts,पेट,0.5083674474333908,0.6253870348164378,पेट
78839,body-parts,हाथ,0.5482351086370174,0.476393171345136,हाथ
78839,foods,अंगूर,0.4808783535057456,0.6273220192894281,अंगूर
78839,foods,अनार,0.4160385933881791,0.5712074105216663,अनार
78839,foods,आचार,0.5681832245280487,0.8122823653167113,आचार
78839,foods,आम,0.4982721563129286,0.7136222795439687,आम
78839,foods,गुड,0.6943714032917684,0.69270023778562,गुड
78839,foods,गेहू,0.470564491824914,0.2325609168220155,गेहू
78839,foods,टमाटर,0.5688246728085501,0.5703850657410613,टमाटर
78839,foods,पोहा,0.6224687903648581,0.4717492499456869,पोहा
78839,foods,बाजरा,0.4735172161693179,0.3622048765123732,बाजरा
78839,foods,शक्कर,0.680784634671148,0.5796971563731877,शक्कर
81851,animals,कुत्ता,0.4807636586681836,0.556114570015517,कुत्ता
81851,animals,चूहा,0.4145196718213468,0.2577399406599791,चूहा
81851,animals,बिल्ली,0.6302065109272547,0.5541795541716616,बिल्ली
81851,animals,मछली,0.549915757584265,0.387770891339831,मछली
81851,animals,शेर,0.5450643762068073,0.0734810324092589,शेर
81851,animals,साँप,0.688692174540244,0.2387529055187607,साँप
81851,body-parts,आंख,0.5134542274057895,0.1706656246126505,आंख
81851,body-parts,कान,0.4291309207638554,0.1745355935586313,कान
81851,body-parts,नाक,0.5085461333725804,0.2422600501132958,नाक
81851,body-parts,पैर,0.4846584221682916,0.4082817533264973,पैर
81851,body-parts,बाल,0.509477076880289,0.0924922637140457,बाल
81851,body-parts,हाथ,0.4274139880468464,0.3045665737640031,हाथ
81851,foods,चाय,0.8673692973118488,0.144736829722027,चाय
81851,foods,चावल,0.624104139905747,0.1775590215604388,चावल
81851,foods,दाल,0.5506614961561476,0.1787441759297295,दाल
81851,foods,रोटी,0.5181451419744134,0.1175986842985444,रोटी
81851,foods,सब्ज़ी,0.5911587842139263,0.1164618632053506,सब्ज़ी
83682,animals,baagh,0.7158901267421406,0.9197867062077618,बाघ
83682,animals,billi,0.707619333934596,0.1459978898742479,बिल्ली
83682,animals,chuuha,0.564206131294107,0.2354215974222247,चूहा
83682,animals,hiran,0.5827065136852505,0.6971399241495337,हिरन
83682,animals,kabootar,0.1850831571126479,0.2244717556816561,कबूतर
83682,animals,kutta,0.8582939611927234,0.4580683794804528,कुत्ता
83682,animals,moor,0.3078098662771097,0.3540448829450512,मोर
83682,animals,pakshi,0.1770870979400072,0.4744931420913057,पक्षी
83682,animals,sher,0.4502001834082623,0.8814622601157718,शेर
83682,colours,bhuura,0.8293595455936873,0.1514728107445322,भूरा
83682,colours,gulaabi,0.2002017431515,0.9106618380906214,गुलाबी
83682,colours,hera,0.6224719352636351,0.4051441444010379,हीरा
83682,colours,kaala,0.0625105250749385,0.0602241295731272,काला
83682,colours,laal,0.3641262595334855,0.6314408737061222,लाल
83682,colours,naaringe,0.4362291207599301,0.4544184322335966,नारंगी
83682,colours,neela,0.6918996673559291,0.5876415067438479,नीला
83682,colours,peela,0.497701859864022,0.2719210698907867,पीला
83682,colours,safid,0.9586054692313724,0.8832872337391998,सफेद
83682,foods,chaat,0.1086208834438574,0.1715475206022413,चाट
83682,foods,chawal,0.6938179678394006,0.4671932475975933,चावल
83682,foods,daal,0.748036159252679,0.5657418232627106,दाल
83682,foods,dahi,0.5853178596185238,0.129573127263395,दही
83682,foods,dooth,0.4188896899783705,0.7391143174883801,दूध
83682,foods,khicdi,0.9209358884860496,0.5766916650032793,खिचड़ी
83682,foods,pani puri,0.1703858590706018,0.0602241295731272,pani puri
83682,foods,roti,0.8080790086067718,0.3485699620747668,रोटी
83682,foods,sabzi,0.7581441263573544,0.2554963072799338,सब्ज़ी
86781,animals,गाय,0.3267085580826336,0.3412776145391228,गाय
86781,animals,बकरी,0.2889503814655896,0.3426705843943846,बकरी
86781,animals,बाघ,0.4698710746743495,0.2507345739471107,बाघ
86781,animals,भेड़,0.4424094243165147,0.3802807704864512,भेड़
86781,animals,भैंस,0.3584955988263537,0.3398846446838611,भैंस
86781,animals,शेर,0.4388571428571428,0.2507345739471107,शेर
86781,animals,हाथी,0.3981803585763981,0.2549134835128958,हाथी
86781,body-parts,आँख,0.2523174518081708,0.3036674284470562,आँख
86781,body-parts,उंगली,0.4190087555072253,0.431820655131135,उंगली
86781,body-parts,कंधा,0.3974623420932333,0.3524213733812166,कंधा
86781,body-parts,कमर,0.4936891412983935,0.2785939710523452,कमर
86781,body-parts,कान,0.3224504809782306,0.3036674284470562,कान
86781,body-parts,नाक,0.2889213380446535,0.305060398302318,नाक
86781,body-parts,पीठ,0.455703525694514,0.2785939710523452,पीठ
86781,body-parts,पेट,0.4250346471533899,0.2772010011970834,पेट
86781,body-parts,पैर,0.3849101743348913,0.431820655131135,पैर
86781,body-parts,हाथ,0.3551601423487544,0.4304276852758733,हाथ
86781,foods,आम,0.2540248851625563,0.3343127652628142,आम
86781,foods,केला,0.2156733655444837,0.3357057351180759,केला
86781,foods,दूध,0.2108766557944485,0.1838720208945478,दूध
86781,foods,पनीर,0.3217553542101911,0.1685493524866688,पनीर
86781,foods,पानी,0.1762043828165057,0.1852649907498095,पानी
86781,foods,रोटी,0.3042156939141276,0.2465556643813255,रोटी
86781,foods,शेब,0.1841695924625572,0.3357057351180759,शेब
92821,animals,Baag,0.5516338819495493,0.1067869556031584,बाघ
92821,animals,Bandar,0.4210744654129636,0.1570965223753893,बंदर
92821,animals,Bhaaloo,0.4265401173334265,0.2480407926059388,भालू
92821,animals,Billi,0.4208859445940862,0.1067869556031584,बिल्ली
92821,animals,Cheetah,0.5535403922701451,0.1474216000104372,चीता
92821,animals,Geedad,0.560158720691666,0.1996661807811784,गीदड़
92821,animals,Ghoda,0.4221784351380205,0.2035361497271592,घोड़ा
92821,animals,Kacchhuaa,0.3255268617357095,0.1551615379023989,कछुआ
92821,animals,Kutta,0.4200168398172244,0.0622823127243789,कुत्ता
92821,animals,Langoor,0.560743024165668,0.2499757770789292,लंगूर
92821,animals,Magarmacch,0.3206323812018473,0.1067869556031584,मगरमच्छ
92821,animals,Saanp,0.3238846674545035,0.0603473282513885,सांप
92821,animals,Sher,0.552202879030266,0.0584123437783981,शेर
92821,colours,Bhagwa,0.4632716982708084,0.1667714447403414,भगवा
92821,colours,Bhoora,0.2123629778475722,0.1687064292133318,भूरा
92821,colours,Ferozi,0.4610462713607035,0.1164618779681105,फिरोज़ी
92821,colours,Gerua,0.4654677507870754,0.2132110720921113,गेरुआ
92821,colours,Gulaabi,0.4617923595829711,0.0680872661433502,गुलाबी
92821,colours,Hara,0.3321918449461573,0.1164618779681105,हरा
92821,colours,Kaala,0.2126420315971973,0.0738922195623214,काला
92821,colours,Kaansya,0.5800639755127591,0.1706414136863222,कांस्य
92821,colours,Laal,0.3315994953924247,0.0680872661433502,लाल
92821,colours,Naarangi,0.3357111780597235,0.2480407926059388,नारंगी
92821,colours,Neela,0.3338230295096531,0.2093411031461305,नीला
92821,colours,Peela,0.3324206820244802,0.1609664913213701,पीला
92821,colours,Rajat,0.5749483182562798,0.120694656502777,रजत
92821,colours,Safed,0.212021682328294,0.1203318469140913,सफेद
92821,colours,Swarna,0.5752902244453999,0.0711832235848229,स्वर्ण
92821,foods,Aata,0.3054725087486147,0.3351150938905075,आटा
92821,foods,Ande,0.5451752217405599,0.1002079906796791,अंडे
92821,foods,Arhar,0.3040064092709432,0.5034829539670018,अरहर
92821,foods,Beef (Buffalo),0.7466746817000464,0.272421608775826,Beef (Buffalo)
92821,foods,Chana,0.3011089623919631,0.4512383731962606,चना
92821,foods,Chawal,0.3025558228429869,0.2790005441737854,चावल
92821,foods,Daal,0.2993949744030626,0.2201528761297963,दाल
92821,foods,Dahi,0.5449478075632751,0.2383658702409867,दही
92821,foods,Dairy,0.5451621452401494,0.1493565844834276,डेयरी
92821,foods,Doodh,0.5455127902675369,0.1957962118351976,दूध
92821,foods,Ghee,0.552662617965232,0.2712606062818238,घी
92821,foods,Kaddu,0.4431155298761838,0.141616646591466,कद्दू
92821,foods,Lauki,0.4453052444398845,0.048737421413446,लौकी
92821,foods,Macchi,0.7318238598458214,0.1806549937646715,मच्छी
92821,foods,Masoor,0.3014639552930572,0.5595975036837239,मसूर
92821,foods,Moong,0.2979876364581301,0.0448674524674652,मूंग
92821,foods,Murga,0.7337602630340868,0.1342153664129015,मुर्गा
92821,foods,Petha,0.4472570660326401,0.2422358391869675,पेठा
92821,foods,Rajma,0.3033698643373023,0.3950996125532103,राजमा
92821,foods,Sitaphal,0.4469404188686458,0.1919262428892168,सीताफल
92821,foods,Soyabean,0.2991486224602262,0.1590315068483797,सोयाबीन
92821,foods,Suar (Pork),0.7379022547370376,0.2240469969510656,Suar (Pork)
92821,foods,Tinda,0.4434366221904312,0.0971120332382064,टिंडा
92821,foods,urad,0.2976128498184433,0.1067869556031584,उड़द
94502,animals,कुत्ता,0.396519834305416,0.3282645426019792,कुत्ता
94502,animals,गाय,0.44762536543126,0.3282645426019792,गाय
94502,animals,घोड़ा,0.4518756684522538,0.575428433502293,घोड़ा
94502,animals,नीलगाय,0.4535275918373388,0.6565290852039585,नीलगाय
94502,animals,बाघ,0.8407417739981441,0.4692251991310644,बाघ
94502,animals,सियार,0.1562277909958903,0.5831523050929278,सियार
94502,body-parts,कंधा,0.1392626191424806,0.4923968139029688,कंधा
94502,body-parts,कान,0.3470482058846619,0.2471638909003138,कान
94502,body-parts,घुटना,0.3163016190961943,0.5947381124788801,घुटना
94502,body-parts,मुँह,0.3468447592423244,0.316678735216027,मुँह
94502,body-parts,सिर,0.3487357064358616,0.1834419502775766,सिर
94502,foods,उड़द,0.4223870185003923,0.5831523050929278,उड़द
94502,foods,चावल,0.4106952032611182,0.1853729181752353,चावल
94502,foods,टमाटर,0.4286556090209705,0.8110065170166546,टमाटर
94502,foods,बाजरा,0.4174343273039026,0.388124547429399,बाजरा
94502,foods,बैंगन,0.4821752050871347,0.8090755491189959,बैंगन
94502,foods,मूली,0.3770120719836358,0.814868452811972,मूली
94502,foods,राजमा,0.4790992305975473,0.5850832729905865,राजमा
95712,animals,कुत्ता,0.1298420246781077,0.8202130913471032,कुत्ता
95712,animals,बन्दर,0.1938463555365176,0.8202130913471032,बन्दर
95712,animals,बाग़,0.3692784417535159,0.8258697329595498,बाग़
95712,animals,बिल्ली,0.2569087912965081,0.8220986385512521,बिल्ली
95712,animals,सेर,0.3210066756810033,0.8258697329595498,सेर
95712,colours,गुलाबी,0.526695996303018,0.823984185755401,गुलाबी
95712,colours,नीला,0.4028764549499088,0.8220986385512521,नीला
95712,colours,पीला,0.2768810772299682,0.8204958543769245,पीला
95712,colours,भगवा,0.2131136807207391,0.8220986385512521,भगवा
95712,colours,लाल,0.1529752383502498,0.8202130913471032,लाल
95712,colours,हरा,0.4644879071249416,0.8220986385512521,हरा
95712,foods,कचोरी,0.4031781485723318,0.7318751357819265,कचोरी
95712,foods,केला,0.2791482742818656,0.7278212783438074,केला
95712,foods,डोसा,0.5447335911844186,0.733477919956254,डोसा
95712,foods,पोहा,0.3396642223722747,0.7297068255479562,पोहा
95712,foods,मोशाम्बी,0.1501328599243376,0.7297068255479562,मोशाम्बी
95712,foods,समोसा,0.4766712015736799,0.7318751357819265,समोसा
95712,foods,सेब,0.2266483495699986,0.7297068255479562,सेब
